Workbook

Sheet Dashboard
D1: E-COMMERCE SALES DASHBOARD 2025
A3: Row Labels | B3: Sum of Total Penjualan
A4: Bandung | B4: 2205000
A5: Jakarta | B5: 5415000
A6: Medan | B6: 2895000
A7: Surabaya | B7: 2285000
A8: Grand Total | B8: 12800000
A11: Row Labels | B11: Sum of Total Penjualan
A12: Elektronik | B12: 5880000
A13: Fashion | B13: 6920000
A14: Grand Total | B14: 12800000
A25: KEY INSIGHTS:
A26: 1. Jakarta adalah kota dengan penjualan tertinggi (Rp 5.415.000)
A27: 2. Kategori Fashion lebih unggul dari Elektronik (Rp 6.920.000 vs Rp 5.880.000)
A28: 3. Total pendapatan keseluruhan mencapai Rp 12.800.000 dari 20 transaksi
A29: 4. Produk dengan transaksi tertinggi adalah Monitor (Rp 1.850.000)

Sheet Data Penjualan
A1: Order ID | B1: Produk | C1: Kategori | D1: Jumlah | E1: Harga Satuan | F1: Kota | G1: Total Penjualan
A2: 001 | B2: Sepatu Olahraga | C2: Fashion | D2: 3 | E2: 350000 | F2: Jakarta | G2: =D2*E2 -> 1050000
A3: 002 | B3: Laptop Stand | C3: Elektronik | D3: 1 | E3: 250000 | F3: Bandung | G3: =D3*E3 -> 250000
A4: 003 | B4: Baju Kaos | C4: Fashion | D4: 5 | E4: 85000 | F4: Surabaya | G4: =D4*E4 -> 425000
A5: 004 | B5: Mouse Wireless | C5: Elektronik | D5: 2 | E5: 175000 | F5: Jakarta | G5: =D5*E5 -> 350000
A6: 005 | B6: Tas Ransel | C6: Fashion | D6: 2 | E6: 450000 | F6: Medan | G6: =D6*E6 -> 900000
A7: 006 | B7: Earphone | C7: Elektronik | D7: 3 | E7: 120000 | F7: Jakarta | G7: =D7*E7 -> 360000
A8: 007 | B8: Celana Jeans | C8: Fashion | D8: 4 | E8: 295000 | F8: Bandung | G8: =D8*E8 -> 1180000
A9: 008 | B9: Keyboard | C9: Elektronik | D9: 1 | E9: 385000 | F9: Surabaya | G9: =D9*E9 -> 385000
A10: 009 | B10: Sandal | C10: Fashion | D10: 6 | E10: 75000 | F10: Jakarta | G10: =D10*E10 -> 450000
A11: 010 | B11: Webcam | C11: Elektronik | D11: 2 | E11: 320000 | F11: Medan | G11: =D11*E11 -> 640000
A12: 011 | B12: Kemeja | C12: Fashion | D12: 3 | E12: 185000 | F12: Jakarta | G12: =D12*E12 -> 555000
A13: 012 | B13: Headset | C13: Elektronik | D13: 1 | E13: 275000 | F13: Bandung | G13: =D13*E13 -> 275000
... A21: 020 | B21: Speaker | C21: Elektronik | D21: 2 | E21: 430000 | F21: Medan | G21: =D21*E21 -> 860000

Sheet Analisis
A1: RINGKASAN PENJUALAN E-COMMERCE
A3: Total Pendapatan | B3: =SUM('Data Penjualan'!G2:G21) -> 12800000
A4: Total Transaksi | B4: =COUNTA('Data Penjualan'!A2:A21) -> 20
A5: Rata-rata Transaksi | B5: =AVERAGE('Data Penjualan'!G2:G21) -> 640000
A6: Transaksi Tertinggi | B6: =MAX('Data Penjualan'!G2:G21) -> 1850000
A7: Transaksi Terendah | B7: =MIN('Data Penjualan'!G2:G21) -> 250000
A9: ANALISIS PER KATEGORI
A10: Kategori | B10: Total Pendapatan | C10: Jumlah Transaksi
A11: Fashion | B11: =SUMIF('Data Penjualan'!C2:C21,"Fashion",'Data Penjualan'!G2:G21) -> 6920000 | C11: =COUNTIF('Data Penjualan'!C2:C21,"Fashion") -> 10
A12: Elektronik | B12: =SUMIF('Data Penjualan'!C2:C21,"Elektronik",'Data Penjualan'!G2:G21) -> 5880000 | C12: =COUNTIF('Data Penjualan'!C2:C21,"Elektronik") -> 10
A14: ANALISIS PER KOTA
A15: Kota | B15: Total Pendapatan
A16: Jakarta | B16: =SUMIF('Data Penjualan'!F2:F21,"Jakarta",'Data Penjualan'!G2:G21) -> 5415000
A17: Bandung | B17: =SUMIF('Data Penjualan'!F2:F21,"Bandung",'Data Penjualan'!G2:G21) -> 2205000
A18: Surabaya | B18: =SUMIF('Data Penjualan'!F2:F21,"Surabaya",'Data Penjualan'!G2:G21) -> 2285000
A19: Medan | B19: =SUMIF('Data Penjualan'!F2:F21,"Medan",'Data Penjualan'!G2:G21) -> 2895000
